rmse,mae
10.544284280897648,5.503711966296639
