accuracy,precision,recall,f1,roc_auc
0.821256038647343,0.03504043126684636,0.52,0.06565656565656566,0.7487139364303179
