{
    "rmse": 1.655081705825852,
    "mae": 0.923598157511441,
    "r2": 0.7160001098746096,
    "train_rmse": 0.41685381000532884
}