{
  "roc_auc": 0.9965886498306198,
  "best_threshold": 0.7500000000000002,
  "f1": 0.9294527048402405,
  "cv_auc": 0.9625926047450859,
  "n_features": 16,
  "rows": 8580
}