{
  "roc_auc": 0.9845923204242745,
  "f1": 0.9431137724550899,
  "threshold": 0.30000000000000004,
  "cv_auc": 0.9636866014165912,
  "features": 16,
  "rows": 8580
}