{
    "rmse": 1.7607033198088635,
    "mae": 0.9858750813735758,
    "r2": 0.6785957156761666,
    "train_rmse": 0.5915502455487265
}