{
    "rmse": 1.7030050143686137,
    "mae": 0.8761806281464338,
    "r2": 0.6993154254774159,
    "train_rmse": 0.7031242704917451
}