{
    "accuracy": 0.7232779097387173,
    "precision": 0.4751552795031056,
    "recall": 0.7050691244239631,
    "f1": 0.5677179962894249,
    "roc_auc": 0.7796829493087558
}