{"low": 0.09987333083957786, "high": 0.3686276222461119}